{
  "label_1_dice": 0.009965979081560414,
  "label_1_iou": 0.005007944073720368,
  "label_2_dice": 0.00037269230257285836,
  "label_2_iou": 0.00018638088264658374,
  "label_4_dice": 0.0,
  "label_4_iou": 0.0,
  "WT_dice": 0.880499503804116,
  "WT_iou": 0.7865110438057824,
  "TC_dice": 0.013572786456949036,
  "TC_iou": 0.006832763045337165,
  "ET_dice": 0.0,
  "ET_iou": 0.0,
  "gt_nonzero_voxels": 90740,
  "pred_nonzero_voxels": 93720
}