{
  "label_1_dice": 0.0012526860479681189,
  "label_1_iou": 0.0006267355754396187,
  "label_2_dice": 0.000175221704128401,
  "label_2_iou": 8.761852839813006e-05,
  "label_4_dice": 0.0,
  "label_4_iou": 0.0,
  "WT_dice": 0.8549029861511444,
  "WT_iou": 0.7465769064209483,
  "TC_dice": 0.041797862246736546,
  "TC_iou": 0.021345019209657885,
  "ET_dice": 0.0,
  "ET_iou": 0.0,
  "gt_nonzero_voxels": 117717,
  "pred_nonzero_voxels": 117402
}