{
  "label_1_dice": 7.731602926963538e-05,
  "label_1_iou": 3.865950913468759e-05,
  "label_2_dice": 0.009406388135526895,
  "label_2_iou": 0.004725418628625297,
  "label_4_dice": 0.0,
  "label_4_iou": 0.0,
  "WT_dice": 0.8215818226498359,
  "WT_iou": 0.6971903849084169,
  "TC_dice": 0.012029394207611534,
  "TC_iou": 0.006051092592899138,
  "ET_dice": 0.0,
  "ET_iou": 0.0,
  "gt_nonzero_voxels": 240373,
  "pred_nonzero_voxels": 245216
}