{
  "label_1_dice": 0.0039453443127311656,
  "label_1_iou": 0.0019765712835016183,
  "label_2_dice": 0.001098755375376305,
  "label_2_iou": 0.0005496796694339153,
  "label_4_dice": 0.0,
  "label_4_iou": 0.0,
  "WT_dice": 0.7536682524215657,
  "WT_iou": 0.6047091826762087,
  "TC_dice": 0.017352429455343724,
  "TC_iou": 0.008752150262679722,
  "ET_dice": 0.0,
  "ET_iou": 0.0,
  "gt_nonzero_voxels": 84845,
  "pred_nonzero_voxels": 86270
}