{
  "label_1_dice": 0.0,
  "label_1_iou": 0.0,
  "label_2_dice": 5.113127956026446e-05,
  "label_2_iou": 2.5566293398779778e-05,
  "label_4_dice": 0.0,
  "label_4_iou": 0.0,
  "WT_dice": 0.9020827008318111,
  "WT_iou": 0.8216308291300746,
  "TC_dice": 0.005366643534581846,
  "TC_iou": 0.0026905413554758673,
  "ET_dice": 0.0,
  "ET_iou": 0.0,
  "gt_nonzero_voxels": 88373,
  "pred_nonzero_voxels": 86918
}