{
  "label_1_dice": 5.191703657554778e-05,
  "label_1_iou": 2.5959192149938047e-05,
  "label_2_dice": 0.0024824376158253257,
  "label_2_iou": 0.0012427613466698966,
  "label_4_dice": 0.0,
  "label_4_iou": 0.0,
  "WT_dice": 0.8208679491575744,
  "WT_iou": 0.6961628670606563,
  "TC_dice": 0.01259215342578668,
  "TC_iou": 0.006335968456344961,
  "ET_dice": 0.0,
  "ET_iou": 0.0,
  "gt_nonzero_voxels": 157005,
  "pred_nonzero_voxels": 155930
}