{
  "label_1_dice": 0.0009351529851833966,
  "label_1_iou": 0.00046779522264115206,
  "label_2_dice": 0.0018014231242676313,
  "label_2_iou": 0.0009015235748412113,
  "label_4_dice": 0.0,
  "label_4_iou": 0.0,
  "WT_dice": 0.7145895546436167,
  "WT_iou": 0.5559232517715343,
  "TC_dice": 0.019168046565303635,
  "TC_iou": 0.009676765629748087,
  "ET_dice": 0.0,
  "ET_iou": 0.0,
  "gt_nonzero_voxels": 58948,
  "pred_nonzero_voxels": 59931
}