{
  "label_1_dice": 0.017047939701557605,
  "label_1_iou": 0.008597252572506377,
  "label_2_dice": 0.0005012804446139049,
  "label_2_iou": 0.00025070305857728735,
  "label_4_dice": 0.0,
  "label_4_iou": 0.0,
  "WT_dice": 0.8117435777308931,
  "WT_iou": 0.6831383887501143,
  "TC_dice": 0.0405012935911358,
  "TC_iou": 0.020669211701273203,
  "ET_dice": 0.0,
  "ET_iou": 0.0,
  "gt_nonzero_voxels": 132171,
  "pred_nonzero_voxels": 136749
}