{
  "label_1_dice": 0.00030636733443396895,
  "label_1_iou": 0.00015320713604792812,
  "label_2_dice": 0.00019593605569193112,
  "label_2_iou": 9.797762652080883e-05,
  "label_4_dice": 0.0,
  "label_4_iou": 0.0,
  "WT_dice": 0.8335186596533981,
  "WT_iou": 0.7145580737757288,
  "TC_dice": 0.014011620468612204,
  "TC_iou": 0.007055237892136295,
  "ET_dice": 0.0,
  "ET_iou": 0.0,
  "gt_nonzero_voxels": 222999,
  "pred_nonzero_voxels": 226143
}