{
  "label_1_dice": 0.00048060748786458394,
  "label_1_iou": 0.00024036150370152865,
  "label_2_dice": 0.001774885371986101,
  "label_2_iou": 0.0008882309400442655,
  "label_4_dice": 0.0,
  "label_4_iou": 0.0,
  "WT_dice": 0.7216165244723411,
  "WT_iou": 0.5644757917216433,
  "TC_dice": 0.03407549728751939,
  "TC_iou": 0.01733306504929553,
  "ET_dice": 0.0,
  "ET_iou": 0.0,
  "gt_nonzero_voxels": 104443,
  "pred_nonzero_voxels": 104581
}