{
  "label_1_dice": 9.621860867890924e-05,
  "label_1_iou": 4.811161895597324e-05,
  "label_2_dice": 0.00021189705655723032,
  "label_2_iou": 0.00010595975455866741,
  "label_4_dice": 0.0,
  "label_4_iou": 0.0,
  "WT_dice": 0.9099479771116807,
  "WT_iou": 0.8347748162519661,
  "TC_dice": 0.005127904346149872,
  "TC_iou": 0.002570542922186258,
  "ET_dice": 0.0,
  "ET_iou": 0.0,
  "gt_nonzero_voxels": 119424,
  "pred_nonzero_voxels": 119573
}