{
  "label_1_dice": 0.007438532735220193,
  "label_1_iou": 0.0037331509503850755,
  "label_2_dice": 0.0007689350249901772,
  "label_2_iou": 0.00038461538461527896,
  "label_4_dice": 0.0,
  "label_4_iou": 0.0,
  "WT_dice": 0.8829163142240057,
  "WT_iou": 0.7903761602342965,
  "TC_dice": 0.021201605031986447,
  "TC_iou": 0.010714383580409747,
  "ET_dice": 0.0,
  "ET_iou": 0.0,
  "gt_nonzero_voxels": 38314,
  "pred_nonzero_voxels": 36544
}