{
  "label_1_dice": 3.965224976951737e-05,
  "label_1_iou": 1.9826517967779944e-05,
  "label_2_dice": 0.0001339450155710931,
  "label_2_iou": 6.697699340275867e-05,
  "label_4_dice": 0.0,
  "label_4_iou": 0.0,
  "WT_dice": 0.8467202813576249,
  "WT_iou": 0.7341846628104866,
  "TC_dice": 0.0015708293644824142,
  "TC_iou": 0.0007860320433487653,
  "ET_dice": 0.0,
  "ET_iou": 0.0,
  "gt_nonzero_voxels": 108726,
  "pred_nonzero_voxels": 120397
}