{
  "label_1_dice": 0.0025986459686791223,
  "label_1_iou": 0.001301013420980375,
  "label_2_dice": 0.0008013967199975956,
  "label_2_iou": 0.0004008589835360915,
  "label_4_dice": 0.0,
  "label_4_iou": 0.0,
  "WT_dice": 0.8298450326637601,
  "WT_iou": 0.7091753279079207,
  "TC_dice": 0.03465140161258811,
  "TC_iou": 0.017631173238691566,
  "ET_dice": 0.0,
  "ET_iou": 0.0,
  "gt_nonzero_voxels": 95391,
  "pred_nonzero_voxels": 96832
}