{
  "label_1_dice": 0.0,
  "label_1_iou": 0.0,
  "label_2_dice": 0.00024773100916601946,
  "label_2_iou": 0.00012388084914689748,
  "label_4_dice": 0.0,
  "label_4_iou": 0.0,
  "WT_dice": 0.8524955505687094,
  "WT_iou": 0.7429126318344219,
  "TC_dice": 0.011081598263501073,
  "TC_iou": 0.005571670639592792,
  "ET_dice": 0.0,
  "ET_iou": 0.0,
  "gt_nonzero_voxels": 110080,
  "pred_nonzero_voxels": 104368
}