{
  "label_1_dice": 0.0,
  "label_1_iou": 0.0,
  "label_2_dice": 9.773499157033311e-05,
  "label_2_iou": 4.886988393401372e-05,
  "label_4_dice": 0.0,
  "label_4_iou": 0.0,
  "WT_dice": 0.6783477201351721,
  "WT_iou": 0.5132573298360671,
  "TC_dice": 0.02652912781855101,
  "TC_iou": 0.013442877821260194,
  "ET_dice": 0.0,
  "ET_iou": 0.0,
  "gt_nonzero_voxels": 74301,
  "pred_nonzero_voxels": 74961
}