{
  "label_1_dice": 4.0598420721425695e-05,
  "label_1_iou": 2.029962242701874e-05,
  "label_2_dice": 0.0004947009913045846,
  "label_2_iou": 0.0002474116930572002,
  "label_4_dice": 0.0,
  "label_4_iou": 0.0,
  "WT_dice": 0.7496609919954786,
  "WT_iou": 0.5995661874069659,
  "TC_dice": 0.006013386320852592,
  "TC_iou": 0.0030157606272778153,
  "ET_dice": 0.0,
  "ET_iou": 0.0,
  "gt_nonzero_voxels": 79806,
  "pred_nonzero_voxels": 77078
}