{
  "label_1_dice": 1.7090657392135127e-05,
  "label_1_iou": 8.545401719334096e-06,
  "label_2_dice": 0.00016359382924074767,
  "label_2_iou": 8.180360590294151e-05,
  "label_4_dice": 0.0,
  "label_4_iou": 0.0,
  "WT_dice": 0.8496436132415867,
  "WT_iou": 0.7385916425741725,
  "TC_dice": 0.03231540686105222,
  "TC_iou": 0.016423062402242568,
  "ET_dice": 0.0,
  "ET_iou": 0.0,
  "gt_nonzero_voxels": 156721,
  "pred_nonzero_voxels": 148760
}