{
  "label_1_dice": 0.00028247922600685427,
  "label_1_iou": 0.00014125956444964303,
  "label_2_dice": 0.0017039922103209097,
  "label_2_iou": 0.0008527226215127658,
  "label_4_dice": 0.0,
  "label_4_iou": 0.0,
  "WT_dice": 0.7057095146410036,
  "WT_iou": 0.5452481669485977,
  "TC_dice": 0.0305945204279685,
  "TC_iou": 0.015534901646875153,
  "ET_dice": 0.0,
  "ET_iou": 0.0,
  "gt_nonzero_voxels": 67070,
  "pred_nonzero_voxels": 69478
}