{
  "label_1_dice": 0.01220730773073875,
  "label_1_iou": 0.006141137241430798,
  "label_2_dice": 0.0037375274818194034,
  "label_2_iou": 0.0018722625572902285,
  "label_4_dice": 0.0,
  "label_4_iou": 0.0,
  "WT_dice": 0.8474003822246362,
  "WT_iou": 0.7352079327079827,
  "TC_dice": 0.018173285542306742,
  "TC_iou": 0.009169966985372724,
  "ET_dice": 0.0,
  "ET_iou": 0.0,
  "gt_nonzero_voxels": 149604,
  "pred_nonzero_voxels": 147982
}