{
  "label_1_dice": 0.0037891365065716542,
  "label_1_iou": 0.0018981644554025483,
  "label_2_dice": 0.0001225740551582998,
  "label_2_iou": 6.129078390911368e-05,
  "label_4_dice": 0.0,
  "label_4_iou": 0.0,
  "WT_dice": 0.7981200779066138,
  "WT_iou": 0.6640597477628882,
  "TC_dice": 0.009054093144343498,
  "TC_iou": 0.00454763392273315,
  "ET_dice": 0.0,
  "ET_iou": 0.0,
  "gt_nonzero_voxels": 66816,
  "pred_nonzero_voxels": 69448
}