{
  "label_1_dice": 0.03601852276373976,
  "label_1_iou": 0.018339543005479606,
  "label_2_dice": 0.007298715122024777,
  "label_2_iou": 0.003662724151087061,
  "label_4_dice": 0.0,
  "label_4_iou": 0.0,
  "WT_dice": 0.8713348030033949,
  "WT_iou": 0.7720046700492137,
  "TC_dice": 0.03542990068891185,
  "TC_iou": 0.01803442936515016,
  "ET_dice": 0.0,
  "ET_iou": 0.0,
  "gt_nonzero_voxels": 134271,
  "pred_nonzero_voxels": 120548
}