{
  "label_1_dice": 0.0,
  "label_1_iou": 0.0,
  "label_2_dice": 0.0,
  "label_2_iou": 0.0,
  "label_4_dice": 0.0,
  "label_4_iou": 0.0,
  "WT_dice": 0.9302087817474898,
  "WT_iou": 0.8695236658111415,
  "TC_dice": 0.008301371302470287,
  "TC_iou": 0.004167985649464931,
  "ET_dice": 0.0,
  "ET_iou": 0.0,
  "gt_nonzero_voxels": 18462,
  "pred_nonzero_voxels": 19081
}