{
  "label_1_dice": 0.005845422528178142,
  "label_1_iou": 0.0029312785449104634,
  "label_2_dice": 0.000804537592018933,
  "label_2_iou": 0.0004024306813151164,
  "label_4_dice": 0.0,
  "label_4_iou": 0.0,
  "WT_dice": 0.8791458688341387,
  "WT_iou": 0.7843535071951703,
  "TC_dice": 0.0209965407787896,
  "TC_iou": 0.010609653399520731,
  "ET_dice": 0.0,
  "ET_iou": 0.0,
  "gt_nonzero_voxels": 181624,
  "pred_nonzero_voxels": 181824
}