{
  "label_1_dice": 0.011311725038067705,
  "label_1_iou": 0.005688033253117176,
  "label_2_dice": 0.0009284450895243817,
  "label_2_iou": 0.0004644381474208712,
  "label_4_dice": 0.0,
  "label_4_iou": 0.0,
  "WT_dice": 0.8141553319761009,
  "WT_iou": 0.6865615319861544,
  "TC_dice": 0.02645652513961645,
  "TC_iou": 0.013405595304399408,
  "ET_dice": 0.0,
  "ET_iou": 0.0,
  "gt_nonzero_voxels": 227126,
  "pred_nonzero_voxels": 235071
}