{
  "label_1_dice": 0.0021240332651014378,
  "label_1_iou": 0.0010631457109786032,
  "label_2_dice": 0.0027642674691204412,
  "label_2_iou": 0.0013840466721560132,
  "label_4_dice": 0.0,
  "label_4_iou": 0.0,
  "WT_dice": 0.7930658805434221,
  "WT_iou": 0.657091275951748,
  "TC_dice": 0.02391988280217921,
  "TC_iou": 0.012104713059963777,
  "ET_dice": 0.0,
  "ET_iou": 0.0,
  "gt_nonzero_voxels": 164216,
  "pred_nonzero_voxels": 166614
}