{
  "label_1_dice": 0.00011400818578773305,
  "label_1_iou": 5.700734254571664e-05,
  "label_2_dice": 0.00010853769574471279,
  "label_2_iou": 5.427179314004207e-05,
  "label_4_dice": 0.0,
  "label_4_iou": 0.0,
  "WT_dice": 0.8662055585090112,
  "WT_iou": 0.7639881858742519,
  "TC_dice": 0.017269699663948257,
  "TC_iou": 0.008710059891161812,
  "ET_dice": 0.0,
  "ET_iou": 0.0,
  "gt_nonzero_voxels": 190594,
  "pred_nonzero_voxels": 199055
}