{
  "label_1_dice": 0.0,
  "label_1_iou": 0.0,
  "label_2_dice": 0.001006150500640852,
  "label_2_iou": 0.0005033284624126476,
  "label_4_dice": 0.0,
  "label_4_iou": 0.0,
  "WT_dice": 0.7011313338608224,
  "WT_iou": 0.5398015612655438,
  "TC_dice": 0.016561750599517283,
  "TC_iou": 0.008350020780593126,
  "ET_dice": 0.0,
  "ET_iou": 0.0,
  "gt_nonzero_voxels": 74546,
  "pred_nonzero_voxels": 54959
}