{
  "label_1_dice": 0.0,
  "label_1_iou": 0.0,
  "label_2_dice": 0.0001482964445926859,
  "label_2_iou": 7.415372066290677e-05,
  "label_4_dice": 0.0,
  "label_4_iou": 0.0,
  "WT_dice": 0.8528322219975664,
  "WT_iou": 0.743424142789824,
  "TC_dice": 0.0049359864260358054,
  "TC_iou": 0.0024740992732325733,
  "ET_dice": 0.0,
  "ET_iou": 0.0,
  "gt_nonzero_voxels": 33792,
  "pred_nonzero_voxels": 32836
}