{
  "label_1_dice": 0.0,
  "label_1_iou": 0.0,
  "label_2_dice": 0.004296906227515759,
  "label_2_iou": 0.0021530789028308328,
  "label_4_dice": 0.0,
  "label_4_iou": 0.0,
  "WT_dice": 0.7561653032597577,
  "WT_iou": 0.6079307043302976,
  "TC_dice": 0.009762984569688812,
  "TC_iou": 0.004905438143294681,
  "ET_dice": 0.0,
  "ET_iou": 0.0,
  "gt_nonzero_voxels": 154557,
  "pred_nonzero_voxels": 153980
}