{
  "label_1_dice": 0.042941475670091905,
  "label_1_iou": 0.021941845446239252,
  "label_2_dice": 0.09450383470443834,
  "label_2_iou": 0.049595394850757854,
  "label_4_dice": 0.0,
  "label_4_iou": 0.0,
  "WT_dice": 0.9817018208040198,
  "WT_iou": 0.9640612552004602,
  "TC_dice": 0.042981442981441326,
  "TC_iou": 0.02196271610572864,
  "ET_dice": 0.0,
  "ET_iou": 0.0,
  "gt_nonzero_voxels": 263809,
  "pred_nonzero_voxels": 268738
}