{
  "label_1_dice": 0.028893137879733095,
  "label_1_iou": 0.014658331536958641,
  "label_2_dice": 0.0,
  "label_2_iou": 0.0,
  "label_4_dice": 0.0,
  "label_4_iou": 0.0,
  "WT_dice": 0.8768469239640936,
  "WT_iou": 0.7807011730394454,
  "TC_dice": 0.16374191845879155,
  "TC_iou": 0.08917151684983173,
  "ET_dice": 0.0,
  "ET_iou": 0.0,
  "gt_nonzero_voxels": 12952,
  "pred_nonzero_voxels": 13917
}