{
  "label_1_dice": 0.17035892666974092,
  "label_1_iou": 0.09311057187826385,
  "label_2_dice": 0.002506430974209731,
  "label_2_iou": 0.001254788006868106,
  "label_4_dice": 0.0,
  "label_4_iou": 0.0,
  "WT_dice": 0.8538900276267077,
  "WT_iou": 0.7450332413202254,
  "TC_dice": 0.18033185601554153,
  "TC_iou": 0.09910150738841626,
  "ET_dice": 0.0,
  "ET_iou": 0.0,
  "gt_nonzero_voxels": 75085,
  "pred_nonzero_voxels": 65530
}