{
  "label_1_dice": 0.00023649980291673767,
  "label_1_iou": 0.0001182638861512523,
  "label_2_dice": 0.0006087121932658898,
  "label_2_iou": 0.0003044487574683927,
  "label_4_dice": 0.0,
  "label_4_iou": 0.0,
  "WT_dice": 0.7333462058311326,
  "WT_iou": 0.5789634146340106,
  "TC_dice": 0.017104429608689367,
  "TC_iou": 0.008625986090288118,
  "ET_dice": 0.0,
  "ET_iou": 0.0,
  "gt_nonzero_voxels": 41919,
  "pred_nonzero_voxels": 41198
}