{
  "label_1_dice": 0.023761635249540242,
  "label_1_iou": 0.012023668639051358,
  "label_2_dice": 0.0007753260245932213,
  "label_2_iou": 0.00038781335318931686,
  "label_4_dice": 0.0,
  "label_4_iou": 0.0,
  "WT_dice": 0.852172961737217,
  "WT_iou": 0.7424227983224431,
  "TC_dice": 0.033731639005413976,
  "TC_iou": 0.017155155254774936,
  "ET_dice": 0.0,
  "ET_iou": 0.0,
  "gt_nonzero_voxels": 82921,
  "pred_nonzero_voxels": 80413
}