{
  "label_1_dice": {
    "mean": 0.009597537561340313,
    "std": 0.023907375069187223,
    "min": 0.0,
    "max": 0.17035892666974092
  },
  "label_1_iou": {
    "mean": 0.004975059057494891,
    "std": 0.012756342581864758,
    "min": 0.0,
    "max": 0.09311057187826385
  },
  "label_2_dice": {
    "mean": 0.004568814821788707,
    "std": 0.013599895796048967,
    "min": 0.0,
    "max": 0.09450383470443834
  },
  "label_2_iou": {
    "mean": 0.002337647116721939,
    "std": 0.007044811599379758,
    "min": 0.0,
    "max": 0.049595394850757854
  },
  "label_4_dice": {
    "mean": 0.0,
    "std": 0.0,
    "min": 0.0,
    "max": 0.0
  },
  "label_4_iou": {
    "mean": 0.0,
    "std": 0.0,
    "min": 0.0,
    "max": 0.0
  },
  "WT_dice": {
    "mean": 0.8152475788134029,
    "std": 0.10100147537188008,
    "min": 0.4397066811514287,
    "max": 0.9817018208040198
  },
  "WT_iou": {
    "mean": 0.6994449450741373,
    "std": 0.1338103867006302,
    "min": 0.28181026979972784,
    "max": 0.9640612552004602
  },
  "TC_dice": {
    "mean": 0.02364556786394993,
    "std": 0.026226254300303273,
    "min": 0.0009252986566645523,
    "max": 0.18033185601554153
  },
  "TC_iou": {
    "mean": 0.012152310644645479,
    "std": 0.014180540693449,
    "min": 0.0004628634718066171,
    "max": 0.09910150738841626
  },
  "ET_dice": {
    "mean": 0.0,
    "std": 0.0,
    "min": 0.0,
    "max": 0.0
  },
  "ET_iou": {
    "mean": 0.0,
    "std": 0.0,
    "min": 0.0,
    "max": 0.0
  },
  "gt_nonzero_voxels": {
    "mean": 106971.07,
    "std": 57283.00960271816,
    "min": 12952.0,
    "max": 263809.0
  },
  "pred_nonzero_voxels": {
    "mean": 106189.09,
    "std": 57947.573883139405,
    "min": 13917.0,
    "max": 268738.0
  }
}