{
  "label_1_dice": 0.0026894164847997954,
  "label_1_iou": 0.0013465189174867896,
  "label_2_dice": 0.03729529606831324,
  "label_2_iou": 0.01900199046428297,
  "label_4_dice": 0.0,
  "label_4_iou": 0.0,
  "WT_dice": 0.5722823953893111,
  "WT_iou": 0.4008372478851388,
  "TC_dice": 0.03966324776189802,
  "TC_iou": 0.020232874640856876,
  "ET_dice": 0.0,
  "ET_iou": 0.0,
  "gt_nonzero_voxels": 100486,
  "pred_nonzero_voxels": 100372
}