{
  "label_1_dice": 0.0069598840019321805,
  "label_1_iou": 0.0034920942865451724,
  "label_2_dice": 0.004042996951707999,
  "label_2_iou": 0.002025593209439582,
  "label_4_dice": 0.0,
  "label_4_iou": 0.0,
  "WT_dice": 0.8236402593504495,
  "WT_iou": 0.7001601898545595,
  "TC_dice": 0.011760200615185512,
  "TC_iou": 0.005914880397638283,
  "ET_dice": 0.0,
  "ET_iou": 0.0,
  "gt_nonzero_voxels": 80218,
  "pred_nonzero_voxels": 80908
}