{
  "label_1_dice": 6.249544304060512e-05,
  "label_1_iou": 3.124869797091462e-05,
  "label_2_dice": 0.0005551878029509775,
  "label_2_iou": 0.00027767098124649946,
  "label_4_dice": 0.0,
  "label_4_iou": 0.0,
  "WT_dice": 0.7098844824127439,
  "WT_iou": 0.5502487744201024,
  "TC_dice": 0.05068966590901698,
  "TC_iou": 0.02600389739002485,
  "ET_dice": 0.0,
  "ET_iou": 0.0,
  "gt_nonzero_voxels": 160203,
  "pred_nonzero_voxels": 160478
}