{
  "label_1_dice": 0.12131715771226459,
  "label_1_iou": 0.06457564575643465,
  "label_2_dice": 0.021541212810916296,
  "label_2_iou": 0.010887875426266121,
  "label_4_dice": 0.0,
  "label_4_iou": 0.0,
  "WT_dice": 0.6992655864485984,
  "WT_iou": 0.5375929007209013,
  "TC_dice": 0.0956087958302361,
  "TC_iou": 0.05020438847905601,
  "ET_dice": 0.0,
  "ET_iou": 0.0,
  "gt_nonzero_voxels": 43881,
  "pred_nonzero_voxels": 42836
}