{
  "label_1_dice": 0.03523065559459862,
  "label_1_iou": 0.017931191615400778,
  "label_2_dice": 0.02717847920761343,
  "label_2_iou": 0.01377645109867676,
  "label_4_dice": 0.0,
  "label_4_iou": 0.0,
  "WT_dice": 0.8296477860073257,
  "WT_iou": 0.7088872700782696,
  "TC_dice": 0.03155913379501037,
  "TC_iou": 0.016032553650369024,
  "ET_dice": 0.0,
  "ET_iou": 0.0,
  "gt_nonzero_voxels": 166140,
  "pred_nonzero_voxels": 170998
}