{
  "label_1_dice": 0.0015161106291857926,
  "label_1_iou": 0.0007586303983982138,
  "label_2_dice": 0.0007437132985233616,
  "label_2_iou": 0.00037199497806776724,
  "label_4_dice": 0.0,
  "label_4_iou": 0.0,
  "WT_dice": 0.8636887845462861,
  "WT_iou": 0.7600811932507651,
  "TC_dice": 0.02518087584583183,
  "TC_iou": 0.012750978323960183,
  "ET_dice": 0.0,
  "ET_iou": 0.0,
  "gt_nonzero_voxels": 162400,
  "pred_nonzero_voxels": 161959
}