{
  "label_1_dice": 4.12762620217028e-05,
  "label_1_iou": 2.063855695209365e-05,
  "label_2_dice": 4.052520667854585e-05,
  "label_2_iou": 2.0263013920686458e-05,
  "label_4_dice": 0.0,
  "label_4_iou": 0.0,
  "WT_dice": 0.8076115373076066,
  "WT_iou": 0.6773057292788905,
  "TC_dice": 0.008259920074872869,
  "TC_iou": 0.004147087342432439,
  "ET_dice": 0.0,
  "ET_iou": 0.0,
  "gt_nonzero_voxels": 68098,
  "pred_nonzero_voxels": 68178
}