{
  "label_1_dice": 0.0,
  "label_1_iou": 0.0,
  "label_2_dice": 0.0,
  "label_2_iou": 0.0,
  "label_4_dice": 0.0,
  "label_4_iou": 0.0,
  "WT_dice": 0.7771382792568935,
  "WT_iou": 0.6355078960069528,
  "TC_dice": 0.028055108248334924,
  "TC_iou": 0.014227125902800338,
  "ET_dice": 0.0,
  "ET_iou": 0.0,
  "gt_nonzero_voxels": 27410,
  "pred_nonzero_voxels": 27628
}