{
  "label_1_dice": 0.00021110407430855987,
  "label_1_iou": 0.00010556317956293129,
  "label_2_dice": 0.00044913541432725163,
  "label_2_iou": 0.00022461814914636694,
  "label_4_dice": 0.0,
  "label_4_iou": 0.0,
  "WT_dice": 0.5363816549545257,
  "WT_iou": 0.3664764498000744,
  "TC_dice": 0.01874935308816946,
  "TC_iou": 0.009463392790505343,
  "ET_dice": 0.0,
  "ET_iou": 0.0,
  "gt_nonzero_voxels": 66169,
  "pred_nonzero_voxels": 68848
}