{
  "label_1_dice": 2.8649190660359743e-05,
  "label_1_iou": 1.4324800527150608e-05,
  "label_2_dice": 0.0015283595607379248,
  "label_2_iou": 0.0007647641977055991,
  "label_4_dice": 0.0,
  "label_4_iou": 0.0,
  "WT_dice": 0.9090972357541888,
  "WT_iou": 0.8333439657041182,
  "TC_dice": 0.014295886509282154,
  "TC_iou": 0.007199404187238684,
  "ET_dice": 0.0,
  "ET_iou": 0.0,
  "gt_nonzero_voxels": 73791,
  "pred_nonzero_voxels": 72781
}