{
  "label_1_dice": 0.000802085422097364,
  "label_1_iou": 0.0004012036108324528,
  "label_2_dice": 4.455037533690725e-05,
  "label_2_iou": 2.227568386349213e-05,
  "label_4_dice": 0.0,
  "label_4_iou": 0.0,
  "WT_dice": 0.816747848715962,
  "WT_iou": 0.6902568043756743,
  "TC_dice": 0.014330788107838811,
  "TC_iou": 0.007217107472892164,
  "ET_dice": 0.0,
  "ET_iou": 0.0,
  "gt_nonzero_voxels": 117996,
  "pred_nonzero_voxels": 118334
}