{
  "label_1_dice": 0.00023047581732484062,
  "label_1_iou": 0.00011525118996852314,
  "label_2_dice": 0.00029872353137168117,
  "label_2_iou": 0.00014938407795548936,
  "label_4_dice": 0.0,
  "label_4_iou": 0.0,
  "WT_dice": 0.9101921944313373,
  "WT_iou": 0.8351859747934163,
  "TC_dice": 0.01550450854787879,
  "TC_iou": 0.007812821250872999,
  "ET_dice": 0.0,
  "ET_iou": 0.0,
  "gt_nonzero_voxels": 98719,
  "pred_nonzero_voxels": 99635
}