{
  "label_1_dice": 0.03275214560694685,
  "label_1_iou": 0.01664871334530022,
  "label_2_dice": 0.00010053156062680165,
  "label_2_iou": 5.026830708908169e-05,
  "label_4_dice": 0.0,
  "label_4_iou": 0.0,
  "WT_dice": 0.7291637542986211,
  "WT_iou": 0.5737668852025803,
  "TC_dice": 0.03874837992963979,
  "TC_iou": 0.01975696516097699,
  "ET_dice": 0.0,
  "ET_iou": 0.0,
  "gt_nonzero_voxels": 129841,
  "pred_nonzero_voxels": 133266
}