{
  "label_1_dice": 0.06673602572589299,
  "label_1_iou": 0.034519872409535135,
  "label_2_dice": 0.004799967457846767,
  "label_2_iou": 0.002405757507797834,
  "label_4_dice": 0.0,
  "label_4_iou": 0.0,
  "WT_dice": 0.6881155242818102,
  "WT_iou": 0.5245244813992499,
  "TC_dice": 0.05384340596888321,
  "TC_iou": 0.027666533173138025,
  "ET_dice": 0.0,
  "ET_iou": 0.0,
  "gt_nonzero_voxels": 91560,
  "pred_nonzero_voxels": 90466
}