{
  "label_1_dice": 0.012297673242284349,
  "label_1_iou": 0.006186878727633211,
  "label_2_dice": 0.0018503832936820183,
  "label_2_iou": 0.0009260484191029335,
  "label_4_dice": 0.0,
  "label_4_iou": 0.0,
  "WT_dice": 0.8831576842886296,
  "WT_iou": 0.7907630932895879,
  "TC_dice": 0.015032923344512512,
  "TC_iou": 0.0075733867434425155,
  "ET_dice": 0.0,
  "ET_iou": 0.0,
  "gt_nonzero_voxels": 77413,
  "pred_nonzero_voxels": 64168
}