{
  "label_1_dice": 0.02995559346696356,
  "label_1_iou": 0.01520554225459345,
  "label_2_dice": 0.06337515911982557,
  "label_2_iou": 0.032724541058257964,
  "label_4_dice": 0.0,
  "label_4_iou": 0.0,
  "WT_dice": 0.7464659222956858,
  "WT_iou": 0.5954891339394152,
  "TC_dice": 0.022920342713691647,
  "TC_iou": 0.011593029461014006,
  "ET_dice": 0.0,
  "ET_iou": 0.0,
  "gt_nonzero_voxels": 57168,
  "pred_nonzero_voxels": 59557
}