{
  "label_1_dice": 0.0004802140382569968,
  "label_1_iou": 0.0002401646843549588,
  "label_2_dice": 0.00036708922715476887,
  "label_2_iou": 0.00018357830838705853,
  "label_4_dice": 0.0,
  "label_4_iou": 0.0,
  "WT_dice": 0.8375939165917888,
  "WT_iou": 0.7205691096659932,
  "TC_dice": 0.012565000530615244,
  "TC_iou": 0.006322219611695431,
  "ET_dice": 0.0,
  "ET_iou": 0.0,
  "gt_nonzero_voxels": 89260,
  "pred_nonzero_voxels": 94627
}