{
  "label_1_dice": 0.0003120087362445774,
  "label_1_iou": 0.00015602870928248927,
  "label_2_dice": 2.2642107527366085e-05,
  "label_2_iou": 1.1321181931392356e-05,
  "label_4_dice": 0.0,
  "label_4_iou": 0.0,
  "WT_dice": 0.7884130015450233,
  "WT_iou": 0.6507275189898971,
  "TC_dice": 0.011742660836975912,
  "TC_iou": 0.005906006534304607,
  "ET_dice": 0.0,
  "ET_iou": 0.0,
  "gt_nonzero_voxels": 125245,
  "pred_nonzero_voxels": 119376
}