{
  "label_1_dice": 0.0002018876495229895,
  "label_1_iou": 0.00010095401544593889,
  "label_2_dice": 5.051015254064792e-05,
  "label_2_iou": 2.525571410530995e-05,
  "label_4_dice": 0.0,
  "label_4_iou": 0.0,
  "WT_dice": 0.7350322690728052,
  "WT_iou": 0.5810679996825231,
  "TC_dice": 0.011360039976678378,
  "TC_iou": 0.005712466914596826,
  "ET_dice": 0.0,
  "ET_iou": 0.0,
  "gt_nonzero_voxels": 59921,
  "pred_nonzero_voxels": 60424
}