{
  "label_1_dice": 0.00010138046398457305,
  "label_1_iou": 5.069280162216109e-05,
  "label_2_dice": 0.00023008907734276205,
  "label_2_iou": 0.00011505777544007708,
  "label_4_dice": 0.0,
  "label_4_iou": 0.0,
  "WT_dice": 0.8920869981913333,
  "WT_iou": 0.8051958923985929,
  "TC_dice": 0.009250612816620572,
  "TC_iou": 0.004646799278792617,
  "ET_dice": 0.0,
  "ET_iou": 0.0,
  "gt_nonzero_voxels": 70184,
  "pred_nonzero_voxels": 68940
}