{
  "label_1_dice": 0.019452553311251397,
  "label_1_iou": 0.009821806260573999,
  "label_2_dice": 0.005922289952114028,
  "label_2_iou": 0.002969939397182174,
  "label_4_dice": 0.0,
  "label_4_iou": 0.0,
  "WT_dice": 0.819155462255769,
  "WT_iou": 0.6937030541044826,
  "TC_dice": 0.039664304073522116,
  "TC_iou": 0.02023342438539655,
  "ET_dice": 0.0,
  "ET_iou": 0.0,
  "gt_nonzero_voxels": 101426,
  "pred_nonzero_voxels": 101940
}