{
  "label_1_dice": 3.844416465635538e-05,
  "label_1_iou": 1.922245182372919e-05,
  "label_2_dice": 0.00010692744001127079,
  "label_2_iou": 5.346657852781946e-05,
  "label_4_dice": 0.0,
  "label_4_iou": 0.0,
  "WT_dice": 0.9109506035192965,
  "WT_iou": 0.8364639900293422,
  "TC_dice": 0.004774423859809341,
  "TC_iou": 0.0023929243474542722,
  "ET_dice": 0.0,
  "ET_iou": 0.0,
  "gt_nonzero_voxels": 225535,
  "pred_nonzero_voxels": 228262
}