{
  "label_1_dice": 0.013516466364912322,
  "label_1_iou": 0.006804217672108459,
  "label_2_dice": 0.0027956717611887674,
  "label_2_iou": 0.0013997925608613447,
  "label_4_dice": 0.0,
  "label_4_iou": 0.0,
  "WT_dice": 0.7847876576542611,
  "WT_iou": 0.6458029023465777,
  "TC_dice": 0.05067247692816357,
  "TC_iou": 0.025994850187264395,
  "ET_dice": 0.0,
  "ET_iou": 0.0,
  "gt_nonzero_voxels": 169918,
  "pred_nonzero_voxels": 172764
}