{
  "label_1_dice": 0.009719087032856023,
  "label_1_iou": 0.004883273998928446,
  "label_2_dice": 0.001369675386933198,
  "label_2_iou": 0.0006853070175438102,
  "label_4_dice": 0.0,
  "label_4_iou": 0.0,
  "WT_dice": 0.8130966204821116,
  "WT_iou": 0.6850571280809611,
  "TC_dice": 0.016579072023096983,
  "TC_iou": 0.008358826807382586,
  "ET_dice": 0.0,
  "ET_iou": 0.0,
  "gt_nonzero_voxels": 186261,
  "pred_nonzero_voxels": 176952
}