{
  "label_1_dice": 0.0025764943294783287,
  "label_1_iou": 0.001289908886204589,
  "label_2_dice": 0.0019272498857924615,
  "label_2_iou": 0.0009645544115860157,
  "label_4_dice": 0.0,
  "label_4_iou": 0.0,
  "WT_dice": 0.9057561178221277,
  "WT_iou": 0.8277461108755778,
  "TC_dice": 0.006115016060316494,
  "TC_iou": 0.0030668850558440625,
  "ET_dice": 0.0,
  "ET_iou": 0.0,
  "gt_nonzero_voxels": 154118,
  "pred_nonzero_voxels": 148241
}