{
  "label_1_dice": 0.02298876204066815,
  "label_1_iou": 0.011628038121016001,
  "label_2_dice": 0.00037890897895866593,
  "label_2_iou": 0.00018949038928429605,
  "label_4_dice": 0.0,
  "label_4_iou": 0.0,
  "WT_dice": 0.8726317843150235,
  "WT_iou": 0.774043273683055,
  "TC_dice": 0.02562883814665992,
  "TC_iou": 0.012980759971495004,
  "ET_dice": 0.0,
  "ET_iou": 0.0,
  "gt_nonzero_voxels": 103496,
  "pred_nonzero_voxels": 102202
}