{
  "label_1_dice": 0.0,
  "label_1_iou": 0.0,
  "label_2_dice": 0.0,
  "label_2_iou": 0.0,
  "label_4_dice": 0.0,
  "label_4_iou": 0.0,
  "WT_dice": 0.8314855133142135,
  "WT_iou": 0.7115748437766694,
  "TC_dice": 0.017687597976864835,
  "TC_iou": 0.008922709638911095,
  "ET_dice": 0.0,
  "ET_iou": 0.0,
  "gt_nonzero_voxels": 34190,
  "pred_nonzero_voxels": 33633
}