{
  "label_1_dice": 0.00022548376516888472,
  "label_1_iou": 0.0001127545947497245,
  "label_2_dice": 0.0012438302073049118,
  "label_2_iou": 0.0006223021227416239,
  "label_4_dice": 0.0,
  "label_4_iou": 0.0,
  "WT_dice": 0.7927655258163409,
  "WT_iou": 0.6566789987938463,
  "TC_dice": 0.0030727115282547643,
  "TC_iou": 0.0015387197851386568,
  "ET_dice": 0.0,
  "ET_iou": 0.0,
  "gt_nonzero_voxels": 147090,
  "pred_nonzero_voxels": 143477
}