{
  "label_1_dice": 0.057925432459532945,
  "label_1_iou": 0.029826574853349934,
  "label_2_dice": 0.005887332128914143,
  "label_2_iou": 0.0029523568170295297,
  "label_4_dice": 0.0,
  "label_4_iou": 0.0,
  "WT_dice": 0.8891669371734948,
  "WT_iou": 0.8004505509684933,
  "TC_dice": 0.06617044372077865,
  "TC_iou": 0.03421730912423,
  "ET_dice": 0.0,
  "ET_iou": 0.0,
  "gt_nonzero_voxels": 91751,
  "pred_nonzero_voxels": 86913
}