{
  "label_1_dice": 0.03362391980117246,
  "label_1_iou": 0.01709943491469476,
  "label_2_dice": 0.04278169014084217,
  "label_2_iou": 0.02185841504002727,
  "label_4_dice": 0.0,
  "label_4_iou": 0.0,
  "WT_dice": 0.9107321277128722,
  "WT_iou": 0.8360956481720282,
  "TC_dice": 0.03928479385931034,
  "TC_iou": 0.020035951032702646,
  "ET_dice": 0.0,
  "ET_iou": 0.0,
  "gt_nonzero_voxels": 157749,
  "pred_nonzero_voxels": 143929
}