{
  "label_1_dice": 0.00012293696407165338,
  "label_1_iou": 6.147226064237568e-05,
  "label_2_dice": 0.0002775464890368709,
  "label_2_iou": 0.00013879250520469754,
  "label_4_dice": 0.0,
  "label_4_iou": 0.0,
  "WT_dice": 0.6804025131761371,
  "WT_iou": 0.5156136776327128,
  "TC_dice": 0.032108670049320186,
  "TC_iou": 0.016316282083586854,
  "ET_dice": 0.0,
  "ET_iou": 0.0,
  "gt_nonzero_voxels": 112949,
  "pred_nonzero_voxels": 113560
}