{
  "label_1_dice": 0.033934380145373415,
  "label_1_iou": 0.0172600445288711,
  "label_2_dice": 0.04151528068145401,
  "label_2_iou": 0.021197653610439827,
  "label_4_dice": 0.0,
  "label_4_iou": 0.0,
  "WT_dice": 0.8608140102078194,
  "WT_iou": 0.7556395688862501,
  "TC_dice": 0.03903169135559818,
  "TC_iou": 0.019904294823907893,
  "ET_dice": 0.0,
  "ET_iou": 0.0,
  "gt_nonzero_voxels": 176056,
  "pred_nonzero_voxels": 187965
}