{
  "label_1_dice": 0.03964516942738593,
  "label_1_iou": 0.02022346608333436,
  "label_2_dice": 0.0021252021252016343,
  "label_2_iou": 0.001063731384700522,
  "label_4_dice": 0.0,
  "label_4_iou": 0.0,
  "WT_dice": 0.7024373224342735,
  "WT_iou": 0.5413513617331155,
  "TC_dice": 0.03258613532585713,
  "TC_iou": 0.01656292857896184,
  "ET_dice": 0.0,
  "ET_iou": 0.0,
  "gt_nonzero_voxels": 74986,
  "pred_nonzero_voxels": 76475
}