{
  "label_1_dice": 0.0,
  "label_1_iou": 0.0,
  "label_2_dice": 6.226921472292925e-05,
  "label_2_iou": 3.113557675542188e-05,
  "label_4_dice": 0.0,
  "label_4_iou": 0.0,
  "WT_dice": 0.867850153995579,
  "WT_iou": 0.7665506090544396,
  "TC_dice": 0.01103350955589812,
  "TC_iou": 0.005547358192763985,
  "ET_dice": 0.0,
  "ET_iou": 0.0,
  "gt_nonzero_voxels": 197218,
  "pred_nonzero_voxels": 194669
}