{
  "label_1_dice": 0.0317962474304935,
  "label_1_iou": 0.016154957223805326,
  "label_2_dice": 0.03350230892642342,
  "label_2_iou": 0.017036536111127286,
  "label_4_dice": 0.0,
  "label_4_iou": 0.0,
  "WT_dice": 0.8976463614036853,
  "WT_iou": 0.814299812668742,
  "TC_dice": 0.03260998707062007,
  "TC_iou": 0.01657525292713307,
  "ET_dice": 0.0,
  "ET_iou": 0.0,
  "gt_nonzero_voxels": 168746,
  "pred_nonzero_voxels": 143258
}